{
	"credit": "Made by XeKr with Blockbench",
	"parent": "block/block",
	"textures": {
		"3": "block/waxed",
		"particle": "#side"
	},
	"elements": [
		{
			"from": [0.025, 0.025, 0.025],
			"to": [15.975, 7.975, 15.975],
			"faces": {
				"north": {"uv": [0, 8, 16, 16], "texture": "#side", "cullface": "north"},
				"east": {"uv": [0, 8, 16, 16], "texture": "#side", "cullface": "east"},
				"south": {"uv": [0, 8, 16, 16], "texture": "#side", "cullface": "south"},
				"west": {"uv": [0, 8, 16, 16], "texture": "#side", "cullface": "west"},
				"up": {"uv": [0, 0, 16, 16], "texture": "#top"},
				"down": {"uv": [0, 0, 16, 16], "texture": "#bottom", "cullface": "down"}
			}
		},
		{
			"from": [0, 0, 0],
			"to": [1, 8, 1],
			"rotation": {"angle": 0, "axis": "y", "origin": [8, 8, 8]},
			"faces": {
				"north": {"uv": [15, 0, 16, 8], "texture": "#3", "cullface": "north"},
				"west": {"uv": [0, 8, 1, 16], "texture": "#3", "cullface": "west"},
				"up": {"uv": [0, 0, 1, 1], "texture": "#3"},
				"down": {"uv": [0, 15, 1, 16], "texture": "#3", "cullface": "down"}
			}
		},
		{
			"from": [0, 0, 15],
			"to": [1, 8, 16],
			"rotation": {"angle": 0, "axis": "y", "origin": [8, 8, 8]},
			"faces": {
				"south": {"uv": [0, 8, 1, 16], "texture": "#3", "cullface": "south"},
				"west": {"uv": [15, 0, 16, 8], "texture": "#3", "cullface": "west"},
				"up": {"uv": [0, 15, 1, 16], "texture": "#3"},
				"down": {"uv": [0, 0, 1, 1], "texture": "#3", "cullface": "down"}
			}
		},
		{
			"from": [15, 0, 15],
			"to": [16, 8, 16],
			"rotation": {"angle": 0, "axis": "y", "origin": [8, 8, 8]},
			"faces": {
				"east": {"uv": [0, 8, 1, 16], "texture": "#3", "cullface": "east"},
				"south": {"uv": [15, 0, 16, 8], "texture": "#3", "cullface": "south"},
				"up": {"uv": [15, 15, 16, 16], "texture": "#3"},
				"down": {"uv": [15, 0, 16, 1], "texture": "#3", "cullface": "down"}
			}
		},
		{
			"from": [15, 0, 0],
			"to": [16, 8, 1],
			"rotation": {"angle": 0, "axis": "y", "origin": [8, 8, 8]},
			"faces": {
				"north": {"uv": [0, 8, 1, 16], "texture": "#3", "cullface": "north"},
				"east": {"uv": [15, 0, 16, 8], "texture": "#3", "cullface": "east"},
				"up": {"uv": [15, 0, 16, 1], "texture": "#3"},
				"down": {"uv": [15, 15, 16, 16], "texture": "#3", "cullface": "down"}
			}
		},
		{
			"from": [1, 7, 0],
			"to": [15, 8, 1],
			"rotation": {"angle": 0, "axis": "y", "origin": [8, 8, 8]},
			"faces": {
				"north": {"uv": [1, 0, 15, 1], "texture": "#3", "cullface": "north"},
				"up": {"uv": [1, 0, 15, 1], "texture": "#3"}
			}
		},
		{
			"from": [1, 7, 15],
			"to": [15, 8, 16],
			"rotation": {"angle": 0, "axis": "y", "origin": [8, 8, 8]},
			"faces": {
				"south": {"uv": [1, 0, 15, 1], "texture": "#3", "cullface": "south"},
				"up": {"uv": [1, 15, 15, 16], "texture": "#3"}
			}
		},
		{
			"from": [0, 7, 1],
			"to": [1, 8, 15],
			"rotation": {"angle": 0, "axis": "y", "origin": [8, 8, 8]},
			"faces": {
				"west": {"uv": [1, 0, 15, 1], "texture": "#3", "cullface": "west"},
				"up": {"uv": [0, 1, 1, 15], "texture": "#3"}
			}
		},
		{
			"from": [15, 7, 1],
			"to": [16, 8, 15],
			"rotation": {"angle": 0, "axis": "y", "origin": [8, 8, 8]},
			"faces": {
				"east": {"uv": [1, 0, 15, 1], "texture": "#3", "cullface": "east"},
				"up": {"uv": [15, 1, 16, 15], "texture": "#3"}
			}
		},
		{
			"from": [15, 0, 1],
			"to": [16, 1, 15],
			"rotation": {"angle": 0, "axis": "y", "origin": [8, 8, 8]},
			"faces": {
				"east": {"uv": [1, 15, 15, 16], "texture": "#3", "cullface": "east"},
				"down": {"uv": [15, 1, 16, 15], "texture": "#3", "cullface": "down"}
			}
		},
		{
			"from": [1, 0, 15],
			"to": [15, 1, 16],
			"rotation": {"angle": 0, "axis": "y", "origin": [8, 8, 8]},
			"faces": {
				"south": {"uv": [1, 15, 15, 16], "texture": "#3", "cullface": "south"},
				"down": {"uv": [1, 0, 15, 1], "texture": "#3", "cullface": "down"}
			}
		},
		{
			"from": [1, 0, 0],
			"to": [15, 1, 1],
			"rotation": {"angle": 0, "axis": "y", "origin": [8, 8, 8]},
			"faces": {
				"north": {"uv": [1, 15, 15, 16], "texture": "#3", "cullface": "north"},
				"down": {"uv": [1, 15, 15, 16], "texture": "#3", "cullface": "down"}
			}
		},
		{
			"from": [0, 0, 1],
			"to": [1, 1, 15],
			"rotation": {"angle": 0, "axis": "y", "origin": [8, 8, 8]},
			"faces": {
				"west": {"uv": [1, 15, 15, 16], "texture": "#3", "cullface": "west"},
				"down": {"uv": [0, 1, 1, 15], "texture": "#3", "cullface": "down"}
			}
		}
	]
}